molregno,canonical_smiles,standard_inchi_key,target_id,target_chembl_id,pref_name,y,ic50_nM_median,n_measurements
411883,COCCOCc1ccn2ncnc(Nc3ccc4c(cnn4Cc4cccc(F)c4)c3)c12,RSIUAJHRAOKMFS-UHFFFAOYSA-N,9,CHEMBL203,Epidermal growth factor receptor,6.309803919971486,490.0,1
3214383,CC[C@@H](Nc1c(C#N)cnc2c(Cl)cc(N[C@H](C3=CN([C@@H](C)CF)NN3)c3cccnc3)cc12)c1ccccc1,IQLMHJXMDBEWPR-IFVHXUSFSA-N,9,CHEMBL203,Epidermal growth factor receptor,8.698970004336019,2.0,1
3080177,C=CC(=O)N1CCC(Oc2cc3c(Nc4cccc5cnn(C)c45)ncnc3cn2)CC1,DBXICEUNVAWDED-UHFFFAOYSA-N,9,CHEMBL203,Epidermal growth factor receptor,4.537602002101044,29000.0,3
2346641,C=C(Cl)C(=O)Nc1cc(Nc2nc(C)cc(-c3cn(C)c4ccccc34)n2)c(OC)cc1N(C)CCN(C)C,PBKCWNJHEGIOCE-UHFFFAOYSA-N,9,CHEMBL203,Epidermal growth factor receptor,7.080921907623926,10.0,2
3102769,Cc1ncsc1[C@H](Nc1cc(Cl)c2ncc(C#N)c(Nc3cnc(F)c(F)c3)c2c1)C1=CNNN1,GXAVWZSVAKZOOF-HXUWFJFHSA-N,9,CHEMBL203,Epidermal growth factor receptor,8.221848749616356,6.0,1
228531,O=S(=O)(CCO)c1cc2c(Nc3cccc(Br)c3)ncnc2cn1,XMBAKOAIBDXONF-UHFFFAOYSA-N,9,CHEMBL203,Epidermal growth factor receptor,7.029188389127482,93.5,1
650852,C=CC(=O)Nc1cccc(-c2c(-c3ccccc3)oc3ncnc(N[C@H](CO)c4ccccc4)c23)c1,GFTOODFOXIDLNF-HSZRJFAPSA-N,9,CHEMBL203,Epidermal growth factor receptor,7.568636235841012,20.0,8
2242797,C#Cc1cccc(Nc2ncnc3cc(OCCCN4C[C@H](O)[C@@H](O)[C@H](O)[C@H]4CO)c(OC)cc23)c1,BBEATYMSUGWQOM-RRJCBXKSSA-N,9,CHEMBL203,Epidermal growth factor receptor,8.312471038785366,4.87,1
520187,COc1c(NC(=O)Nc2ccc(-c3ccc(CN4CCOCC4)nc3)c3ccccc23)cc(C(C)(C)C)cc1NS(C)(=O)=O,KLPFPTSVYVEKOL-UHFFFAOYSA-N,9,CHEMBL203,Epidermal growth factor receptor,5.267606240177031,5400.0,1
2359115,O=C(Nc1nccs1)[C@@H](c1cc(F)ccc1O)N1Cc2ccccc2C1=O,YTUFHOKUFOQRDF-MRXNPFEDSA-N,9,CHEMBL203,Epidermal growth factor receptor,6.6020599913279625,8.8,6
3103009,C=CC(=O)N(C)Cc1ccc(Oc2nc(Nc3ccc(OC)nc3)ncc2F)cc1,YLCGOORWBSZEPE-UHFFFAOYSA-N,9,CHEMBL203,Epidermal growth factor receptor,5.259637310505756,1050.0,2
1733723,COc1ccc(Oc2nc3ccc(C)cc3cc2/C=N/NC(=O)Cn2c([N+](=O)[O-])cnc2C)cc1,ZLGNBZXKRMZDCF-RPPGKUMJSA-N,9,CHEMBL203,Epidermal growth factor receptor,5.661543506395395,120.0,2
262807,CS(=O)(=O)CCNc1nc(-c2ccc3ncnc(Nc4ccc(OCc5ccccc5)cc4)c3c2)cs1,LFJRDQBYPYZMLW-UHFFFAOYSA-N,9,CHEMBL203,Epidermal growth factor receptor,5.795880017344075,82.0,2
2985667,C=CC(=O)Nc1cc(Nc2nccc(-c3ccc4nc(OC)n(C(C)C)c4c3)n2)c(OC)cc1N(C)CCN(C)C,FIXQKPHIDLZHGW-UHFFFAOYSA-N,9,CHEMBL203,Epidermal growth factor receptor,7.6020599913279625,25.0,2
422317,CCN(CC)CCOc1ccc(Nc2cc(NC(=O)Nc3c(Cl)cccc3Cl)ncn2)cc1,FOMAIMPXVLHOCI-UHFFFAOYSA-N,9,CHEMBL203,Epidermal growth factor receptor,6.42021640338319,380.0,1
87188,Cc1cccc(C)c1NC(=O)/C(C#N)=C/c1ccc(O)c(O)c1,FDFVLFGLUAPMGB-RIYZIHGNSA-N,9,CHEMBL203,Epidermal growth factor receptor,4.989999996723885,10232.93,3
1352232,O=C1Cc2c(cccc2Oc2ccc(Nc3ncnc4ccn(CCO)c34)cc2Cl)N1,SHKHWNUDFOMKAK-UHFFFAOYSA-N,9,CHEMBL203,Epidermal growth factor receptor,8.522878745280337,3.0,1
1269929,O=C(/C=C/c1ccc(F)cc1)Nc1cccc(Oc2cc(Nc3ccc(OCc4cccc(F)c4)c(Cl)c3)ncn2)c1,HOXUUWIOGRJBDT-NTEUORMPSA-N,9,CHEMBL203,Epidermal growth factor receptor,6.085656842880559,821.0,1
1074181,Cc1ncnc(Nc2ccc(OCc3cccc(F)c3)c(Cl)c2)c1/C=N/OCCCN1CCOCC1,PUPXFZQHXRUOTN-WCMJOSRZSA-N,9,CHEMBL203,Epidermal growth factor receptor,7.187086643357144,65.0,1
1248495,COc1cc2c(Nc3ccc(Br)cc3F)ncnc2cc1OC[C@H]1CCCN(C)C1,JFGLOXKNWPNMQT-AWEZNQCLSA-N,9,CHEMBL203,Epidermal growth factor receptor,6.823908740944319,100.0,2
3184066,O=C1CCC(N2C(=O)c3cccc(NCCOCCOCCOCCOCCOCC#Cc4cccc5c4C(=O)N([C@@H](C(=O)Nc4nccs4)c4cc(F)ccc4O)C5)c3C2=O)C(=O)N1,IMZUDSHAWLMVHC-ZXLKLBPTSA-N,9,CHEMBL203,Epidermal growth factor receptor,4.522878745280337,30000.0,4
2319625,C=CC(=O)Nc1ccccc1Nc1nc(Nc2ccc(CN3CCOCC3)cc2)ncc1Cl,KVJLISUNVFUYME-UHFFFAOYSA-N,9,CHEMBL203,Epidermal growth factor receptor,7.815308569182401,15.3,1
2318459,COc1ccc(-c2nc3sc(-c4ccc(Cl)cc4)cn3n2)cc1,DNGYZARPLVYBRH-UHFFFAOYSA-N,9,CHEMBL203,Epidermal growth factor receptor,5.823908740944319,1500.0,1
484799,CSCc1cc(/C=C2\C(=O)Nc3ccccc32)cc(CSC)c1O,HXAVERUVVZQIGE-SXGWCWSVSA-N,9,CHEMBL203,Epidermal growth factor receptor,6.3979400086720375,400.0,1
3115709,C=CC(=O)Nc1cccc(Nc2ncc(C)c(Nc3ccc(Oc4ccccc4)cc3)n2)c1,RFBXRPQFQIGZCL-UHFFFAOYSA-N,9,CHEMBL203,Epidermal growth factor receptor,6.259637310505756,550.0,5
2258345,C=CC(=O)Nc1cccc(-n2c(=O)n(C)c(=O)c3cnc(Nc4ccc(N5CCOCC5)cc4OC)nc32)c1,GLOWZYZDMOCQKB-UHFFFAOYSA-N,9,CHEMBL203,Epidermal growth factor receptor,6.467245621007502,70.0,2
3196482,C=CC(=O)Nc1cc(Nc2ncc(Cl)c(-c3cnc4c(ccn4C)c3)n2)c(OC)cc1N1CCC(N(C)C)CC1,UVHIEUQSBNAGDC-UHFFFAOYSA-N,9,CHEMBL203,Epidermal growth factor receptor,6.565431095965801,17.0,2
1345338,C=CC(=O)NCc1coc(-c2c(N)ncnc2Nc2ccc(OCc3ccccn3)c(Cl)c2)n1,PRTPANUTPYMUDM-UHFFFAOYSA-N,9,CHEMBL203,Epidermal growth factor receptor,8.481486060122112,3.2,2
2304287,CSc1ccc(N(C)c2ncnc3occ(C)c23)cc1,XGNXYCZBBNAIIL-UHFFFAOYSA-N,9,CHEMBL203,Epidermal growth factor receptor,8.142667503568731,7.2,1
2989995,CN1CCC(c2ccc3c(c2)[nH]/c(=N\C(=O)c2ccnc(-c4cnn(C)c4)c2)n3CC(C)(C)O)CC1,MCXNFGQPMYDYEP-UHFFFAOYSA-N,9,CHEMBL203,Epidermal growth factor receptor,7.557520230935552,27.7,3
205121,Nc1cc2ncnc(Nc3ccccc3)c2cn1,PFOCXCZOPREBSG-UHFFFAOYSA-N,9,CHEMBL203,Epidermal growth factor receptor,6.6020599913279625,250.0,1
2061043,COc1cccc(-c2cc3c(N[C@H](C)c4ccccc4)ncnc3s2)c1OC,NUBFTMKPGIRNJM-CQSZACIVSA-N,9,CHEMBL203,Epidermal growth factor receptor,7.886056647693163,13.0,1
455950,CS(=O)(=O)CCNCCCCOc1ccc2ncnc(Nc3ccc4c(cnn4Cc4cccc(F)c4)c3)c2c1,FMKJJNOFXVDHKH-UHFFFAOYSA-N,9,CHEMBL203,Epidermal growth factor receptor,7.619788758288394,24.0,3
2967529,Cc1nc(F)ccc1[C@H](Nc1cc(C#N)c2ncc(C#N)c(NCC(C)(C)C(F)(F)F)c2c1)C1=CN(C2(C3CC3)CC2)NN1,HBMHGMBZXHBNIU-NDEPHWFRSA-N,9,CHEMBL203,Epidermal growth factor receptor,8.522878745280337,3.0,1
123087,N#CC(C#N)=NNc1ccc(O)cc1,XTCRJLBGLWCFIH-UHFFFAOYSA-N,9,CHEMBL203,Epidermal growth factor receptor,3.6478174818886373,225000.0,1
358673,COc1cc2c(cc1OC)Sc1ncnc(Nc3ccc4c[nH]nc4c3)c1NC2,AHHRQHYRHDOEHS-UHFFFAOYSA-N,9,CHEMBL203,Epidermal growth factor receptor,4.85078088734462,14100.0,1
3015504,Cc1ncsc1-c1ccc([C@H](C)NC(=O)[C@@H]2C[C@@H](O)CN2C(=O)[C@@H](NC(=O)COCCOCCOCCc2ccc(OC3CCN(c4nccc(Nc5cc6c(cn5)nc(C)n6C(C)C)n4)CC3)cc2)C(C)(C)C)cc1,DWHHHTWJTNNRDX-CXMIGBMPSA-N,9,CHEMBL203,Epidermal growth factor receptor,4.853871964321762,14000.0,1
2085986,CCOC(C)Oc1cc2ncnc(Nc3ccc(C)c([N+](=O)[O-])c3)c2c2c1OCCO2,HWZKUDPVOFVABK-UHFFFAOYSA-N,9,CHEMBL203,Epidermal growth factor receptor,6.439734602137285,363.3,1
311900,Fc1ccc(Nc2ncnn3cccc23)cc1Cl,BCBRJDZMKPNHMU-UHFFFAOYSA-N,9,CHEMBL203,Epidermal growth factor receptor,6.958607314841775,110.0,1
118769,O=C(O)c1cccc(Nc2ncnc3[nH]c4c(c23)CCCC4)c1,GIZBQMSKVMDJML-UHFFFAOYSA-N,9,CHEMBL203,Epidermal growth factor receptor,4.590066876668706,25700.0,1
43141,CN(C)C/C=C/C(=O)Nc1ccc2ncc(C#N)c(Nc3cccc(Br)c3)c2c1,ABDIOQXDBJMGHB-QPJJXVBHSA-N,9,CHEMBL203,Epidermal growth factor receptor,6.508638306165727,310.0,7
252532,Brc1cccc(Nc2[nH]cnc3nc4ccccc4c2-3)c1,MHRKNNUUCCNFPI-UHFFFAOYSA-N,9,CHEMBL203,Epidermal growth factor receptor,7.508638306165727,31.0,3
2916023,C=CC(=O)N1CC[C@H](n2cc(-c3ccncc3)c(-c3ccc(F)c(OCc4ccc5c(c4)CN(C)C5=O)c3)n2)C1,SEKHRVFJNILNHQ-DEOSSOPVSA-N,9,CHEMBL203,Epidermal growth factor receptor,5.327902142064282,82.0,2
3234174,C/C=C/C(=O)OCc1ccc(Nc2nc(Nc3ccccc3)ncc2C)cc1,GPUFLOVAENLGMC-XVNBXDOJSA-N,9,CHEMBL203,Epidermal growth factor receptor,5.259637310505756,1050.0,2
2009428,C=CC(=O)Nc1cc2c(Nc3ccc(Br)c(Cl)c3F)ncnc2cc1OCCNC(=O)CCN1CCCCC1,JLRRXORWMUQGQX-UHFFFAOYSA-N,9,CHEMBL203,Epidermal growth factor receptor,7.920818753952375,12.0,2
2753,O=C1NC(=O)c2cc(Nc3ccccc3)c(Nc3ccccc3)cc21,AAALVYBICLMAMA-UHFFFAOYSA-N,9,CHEMBL203,Epidermal growth factor receptor,6.522878745280337,300.0,2
1580853,Brc1cccc(Nc2ncnc3ccc(NCCCN4CCCCC4)cc23)c1,CMIAMHVCKPWEGD-UHFFFAOYSA-N,9,CHEMBL203,Epidermal growth factor receptor,8.769551078621726,1.7,3
69181,O=CN/C=C/c1ccc(O)c(O)c1,DBIMWULYZNNEPY-ONEGZZNKSA-N,9,CHEMBL203,Epidermal growth factor receptor,5.154901959985743,7000.0,1
1515239,COc1cc(/C=C2\CCC/C(=C\c3ccc(OC)c(O)c3)C2=O)cc(OC)c1,CNMLPAQHCYHPBA-BEQMOXJMSA-N,9,CHEMBL203,Epidermal growth factor receptor,5.270025714300445,5300.0,2
2841772,Cn1cc(-c2ccnc(Nc3ccc(OCCCCn4ccnc4[N+](=O)[O-])cc3)n2)c2ccccc21,UUJAVOKRWOZINH-UHFFFAOYSA-N,9,CHEMBL203,Epidermal growth factor receptor,5.928486194904911,1179.0,1
1519265,Clc1ccc(C2=NN(c3ccccc3)C(c3cccc4ccccc34)C2)cc1,NCIQGHZNVPEPHS-UHFFFAOYSA-N,9,CHEMBL203,Epidermal growth factor receptor,6.167491087293763,680.0,1
2911077,O=C(Oc1ccc(C2NCCc3c2[nH]c2ccccc32)cc1)c1ccccc1,LSDHARHCJRQXNF-UHFFFAOYSA-N,9,CHEMBL203,Epidermal growth factor receptor,4.288614620901548,51450.0,1
2069760,COCCOc1cc2ncnc(Nc3ccc(NC(=O)C45CC6CC(CC(C6)C4)C5)c(OC)c3)c2cc1OCCOC,LAGOMBUWVFIOGF-UHFFFAOYSA-N,9,CHEMBL203,Epidermal growth factor receptor,7.966576244513051,5.94,2
2354806,COc1cc2nccc(Nc3ccc(OCc4cccc(F)c4)c(Cl)c3)c2cc1OC,ZVEOYXBOCQWWQG-UHFFFAOYSA-N,9,CHEMBL203,Epidermal growth factor receptor,5.769551078621726,1700.0,1
2212599,CCC(=O)N1CC[C@H](N2C(=O)N(c3cc(OC)ccc3F)Cc3cnc(Nc4ccc(N5CCN(C6COC6)CC5)c(C)c4)nc32)C1,LWQIZIAIHSJXIV-VWLOTQADSA-N,9,CHEMBL203,Epidermal growth factor receptor,6.51999305704285,302.0,1
3162216,CC#CC(=O)C1NCCC[C@H]1c1nc(-c2ccc(Oc3cccc(OC)c3F)cc2)c2c(C)nccn12,KKOFOOADVSUXAK-XJQHNOHDSA-N,9,CHEMBL203,Epidermal growth factor receptor,6.259637310505756,550.0,1
2004532,C=CC(=O)Nc1cc2c(Nc3ccc(Br)cc3F)ncnc2cc1OCCNC(=O)CS(C)(=O)=O,UNFSZGKSDKZSHK-UHFFFAOYSA-N,9,CHEMBL203,Epidermal growth factor receptor,7.619788758288394,24.0,2
2976155,COc1c(F)cccc1-c1cc(C(=O)/N=c2\[nH]c3ccccc3n2[C@H]2CC[C@@H](O)CC2)ccn1,URSNGDCHWSEKHL-HDICACEKSA-N,9,CHEMBL203,Epidermal growth factor receptor,6.2541448048262716,13.6,2
598608,C=C=CCCCOc1cc2c(Nc3ccc(F)c(Cl)c3)ncnc2cc1O,VNDGOWZVXDRCAT-UHFFFAOYSA-N,9,CHEMBL203,Epidermal growth factor receptor,8.500312917381596,3.16,1
2802418,CC(C)n1nc(N2CC(C(C)(C)O)C2)c2cnc(Nc3ccnc(-c4cnn(S(=O)(=O)C5CC5)c4)n3)cc21,NSIQQHYATFPGEC-UHFFFAOYSA-N,9,CHEMBL203,Epidermal growth factor receptor,6.886056647693163,32.0,4
1269928,O=C(Cc1cc(F)c(F)cc1F)Nc1cccc(Oc2cc(Nc3ccc(OCc4cccc(F)c4)c(Cl)c3)ncn2)c1,ONRLVYYHPWCVNL-UHFFFAOYSA-N,9,CHEMBL203,Epidermal growth factor receptor,6.202732459169283,627.0,1
2085987,CCOC(C)Oc1cc2ncnc(Nc3ccc(F)c(C#N)c3)c2c2c1OCCO2,ONRWTAOPQXIJBJ-UHFFFAOYSA-N,9,CHEMBL203,Epidermal growth factor receptor,6.453704164878557,351.8,1
2223404,Clc1ccc2nc(Cc3nnc(-c4ccccc4Cl)o3)[nH]c2c1,YCOVCAZFTSJSEX-UHFFFAOYSA-N,9,CHEMBL203,Epidermal growth factor receptor,4.478861916295964,33189.45,2
2058950,COc1cc(NC(=O)Nc2nccs2)cc(-c2cccnc2)c1OC,KNHKFZXMTYARSM-UHFFFAOYSA-N,9,CHEMBL203,Epidermal growth factor receptor,6.498776367194819,317.12,1
2235358,C=CC(=O)N1CCC[C@@H](n2nc(-c3cccc4ccccc34)c3c(N)ncnc32)C1,WAJKANXMXJLTKT-MRXNPFEDSA-N,9,CHEMBL203,Epidermal growth factor receptor,7.236572006437063,2.0,8
2726600,COc1cc(CC(=O)N2CC(=O)N[C@@H](Cc3ccccc3)C(=O)N(CC(N)=O)C(=O)CCSCc3ccc(cc3)C(=O)N[C@@H](CCCCN)CN(C(=O)CCC3CCCCC3)CC(=O)N[C@@H](Cc3ccccc3)CN(C(=O)CCc3ccccc3)CC(=O)N[C@@H](Cc3ccccc3)C2)cc(OC)c1,LTYLQIADCJWBNS-HXRSGTAXSA-N,9,CHEMBL203,Epidermal growth factor receptor,4.752026733638194,17700.0,1
2361525,C=CC(=O)Nc1cc(Nc2nccc(NC(=O)c3ccccc3)n2)c(OC)cc1N1CCC(C(N)=O)CC1,FQQIBHZUSATOSF-UHFFFAOYSA-N,9,CHEMBL203,Epidermal growth factor receptor,6.743282254022513,0.5872,2
345691,Nc1cccc(C#Cc2cncnc2Nc2ccc(OCc3cccc(F)c3)c(Cl)c2)c1,XQWATEKYOOFROO-UHFFFAOYSA-N,9,CHEMBL203,Epidermal growth factor receptor,7.376750709602099,42.0,1
3089596,N#CCC(Nc1ncnc2ccc(NC(c3ccc(F)cc3)c3cn(C4CC4)nn3)cc12)c1ccccc1,PMKQVHDRZZCGPS-UHFFFAOYSA-N,9,CHEMBL203,Epidermal growth factor receptor,7.275724130399211,53.0,2
299254,CCOc1cc2ncc(C#N)c(Nc3ccc(O[C@@H](C)c4ccccc4)c(Cl)c3)c2cc1NC(=O)/C=C/CN(C)C,URLZPDCQQKRKNR-ZRFOIIEFSA-N,9,CHEMBL203,Epidermal growth factor receptor,6.113509274827518,770.0,1
197692,Clc1cccc(CNc2[nH]nc3ncnc(Nc4cccc(Cl)c4)c23)c1,QFEGUXCVHFPAEW-UHFFFAOYSA-N,9,CHEMBL203,Epidermal growth factor receptor,5.823908740944319,26.0,2
1590214,COc1cc2c(Nc3cc(O)c(Cl)cc3F)ncnc2cc1OCC1CCN(C)CC1.Cl,YFJCGABCABZPAI-UHFFFAOYSA-N,9,CHEMBL203,Epidermal growth factor receptor,7.0,70.0,2
225007,COCC/N=N/Nc1ccc2ncnc(Nc3cccc(Br)c3)c2c1,BXSIIPHCRZNAEI-UHFFFAOYSA-N,9,CHEMBL203,Epidermal growth factor receptor,7.1487416512809245,71.0,1
2113859,C=CC(=O)Nc1ccccc1C1CCNc2c(C(N)=O)c(-c3ccc(OC4CCCC4)cc3)nn21,GQIUCZODBZCWCR-UHFFFAOYSA-N,9,CHEMBL203,Epidermal growth factor receptor,9.102372908709558,0.79,1
2552485,O=C(NO)c1ccccc1Nc1nc(Nc2ccc(CN3CCOCC3)cc2)ncc1Cl,GSQVFZPYARKXRI-UHFFFAOYSA-N,9,CHEMBL203,Epidermal growth factor receptor,7.00533097817447,4.495,2
291442,CNc1ncnc2c1c(-c1ccccc1)cn2-c1ccccc1,XUCUUSDIHUJLCZ-UHFFFAOYSA-N,9,CHEMBL203,Epidermal growth factor receptor,4.508638306165727,31000.0,1
299219,CCOc1cc2ncc(C#N)c(Nc3ccc(OCc4ccccc4)c(Cl)c3)c2cc1NC(=O)/C=C/Cc1c[nH]cn1,QIHBCJUYVFGGLJ-UXBLZVDNSA-N,9,CHEMBL203,Epidermal growth factor receptor,7.619788758288394,24.0,1
1593377,NS(=O)(=O)CCNCc1ccc(-c2ccc3ncnc(Nc4ccc(OCc5cccc(F)c5)c(Cl)c4)c3c2)o1,ZZKJYWJMKZJTKA-UHFFFAOYSA-N,9,CHEMBL203,Epidermal growth factor receptor,8.567030709125595,2.71,2
3265748,CN1CCN(c2ccc3c(c2)[nH]/c(=N\C(=O)c2ccnc(-c4cnn(C)c4)c2)n3CC(C)(C)O)CC1,ABRYZACBGXFEHT-UHFFFAOYSA-N,9,CHEMBL203,Epidermal growth factor receptor,6.772113295386326,169.0,3
3055642,Cn1cc([C@H](Nc2cc(Cl)c3ncc(C#N)c(Nc4ccc(F)c(Cl)c4)c3c2)c2cccnc2)nn1,UGKZLTZLEZFCCL-XMMPIXPASA-N,9,CHEMBL203,Epidermal growth factor receptor,6.297569463554474,504.0,1
2004588,C=CC(=O)Nc1cc2c(Nc3ccc(Br)cc3F)ncnc2cc1OCCNC(=O)CN1CCCC1,OELVTHONNCJUEV-UHFFFAOYSA-N,9,CHEMBL203,Epidermal growth factor receptor,7.346787486224656,45.0,2
3328369,CCOC(=O)C1=C(C)N/C(=N\c2nc(C)nc3cc(OC)c(OC)cc23)NC1c1ccc(Cl)cc1,SQYCMDOLPUDXDL-UHFFFAOYSA-N,9,CHEMBL203,Epidermal growth factor receptor,9.504455662453552,0.313,1
310194,COc1cc2ncnc(Nc3ccc(Cl)c(NC(=O)c4cccc(N(C)C)c4)c3)c2cc1OC,AEFNXPBFFTWXPE-UHFFFAOYSA-N,9,CHEMBL203,Epidermal growth factor receptor,6.0,1000.0,1
3117801,C=CC(=O)Nc1cccc(Nc2nc(Nc3ccc(Cl)c(OCCCS(C)(=O)=O)c3)ncc2F)c1,IPPHYKLDCJQTJI-UHFFFAOYSA-N,9,CHEMBL203,Epidermal growth factor receptor,6.259637310505756,550.0,2
3120078,C=CC(=O)Nc1cc(Nc2ncc(F)c(-c3cnn(C)c3)n2)c(OC)cc1N(C)CCN(C)C,AXZHWQXBLMNFGP-UHFFFAOYSA-N,9,CHEMBL203,Epidermal growth factor receptor,7.376750709602099,11.0,2
2926145,Cc1cc(Nc2ncc(Br)c(Nc3ccccc3NS(=O)(=O)C3CC3)n2)ccc1N1CCCN(C)CC1,AYHLAGYMKZQTMA-UHFFFAOYSA-N,9,CHEMBL203,Epidermal growth factor receptor,7.989700043360188,0.3,6
3109249,CC(C)=CC(=O)N1CC[C@@H](n2nc(C(=O)Nc3nc4cc(Cl)ccc4o3)c3c(N)ncnc32)C1,CBLPAYJPHRMLON-CYBMUJFWSA-N,9,CHEMBL203,Epidermal growth factor receptor,6.191789027075778,643.0,1
2853509,CCS(=O)(=O)N1CCC(c2nc(-c3ccc(F)cc3)c(-c3ccnc(Nc4ccc(N5CCN(C)CC5)c(C)c4)n3)s2)CC1,YPZSSNYOQITMKA-UHFFFAOYSA-N,9,CHEMBL203,Epidermal growth factor receptor,7.173925197299173,36.0,6
1625854,CCN(CCO)CCCOc1ccc2c(Nc3cccc(NC(=O)Nc4ccc(Cl)c(C(F)(F)F)c4)c3)ncnc2c1,YLTIESVKMHXFAD-UHFFFAOYSA-N,9,CHEMBL203,Epidermal growth factor receptor,6.7258421507363195,188.0,1
1606692,COCCNC(=O)Nc1cc2c(Nc3ccc(F)c(Cl)c3)ncnc2cc1O[C@H]1CCOC1,NOXUXCSVXGPNOC-AWEZNQCLSA-N,9,CHEMBL203,Epidermal growth factor receptor,5.448062304635163,479.0,2
3077264,C=CC(=O)Nc1cccc(Nc2nc(Nc3ccc4c(c3)N(C(=O)OC(C)(C)C)CCO4)ncc2F)c1,GJZCUDIBZGUTHL-UHFFFAOYSA-N,9,CHEMBL203,Epidermal growth factor receptor,5.259637310505756,1050.0,2
2060419,C=CC(=O)Nc1cccc(-n2c(=O)cc(C)c3cnc(Nc4ccc(N5CCN(C)CC5)cc4OCCC)nc32)c1,CBLTZDNYINHEBC-UHFFFAOYSA-N,9,CHEMBL203,Epidermal growth factor receptor,6.568636235841012,19.0,2
1357791,O=c1oc2cc3ncnc(Nc4ccc(OCc5ccc(Cl)cc5)cc4)c3cc2n1CCCN1CCOCC1,JSGQKTYZIOFSIG-UHFFFAOYSA-N,9,CHEMBL203,Epidermal growth factor receptor,6.00436480540245,990.0,1
2767591,CN1CCC(c2ccc(-c3ccc4ncn(C(C(=O)Nc5nccs5)c5ccccc5)c(=O)c4c3F)cc2)CC1,KNGPHZUBZOTRTG-UHFFFAOYSA-N,9,CHEMBL203,Epidermal growth factor receptor,10.0,0.1,1
3028892,C#Cc1cccc(Nc2ncnc3cc(OC)c(NC4CN(C(=O)C=C)C4)cc23)c1,TZPCZMJNJSRCSO-UHFFFAOYSA-N,9,CHEMBL203,Epidermal growth factor receptor,8.958607314841775,1.1,1
1262109,C[C@@H](Nc1ncnc2[nH]c(-c3ccc(C#N)cc3)cc12)c1ccccc1,WJBHZXXFAJKTRU-CQSZACIVSA-N,9,CHEMBL203,Epidermal growth factor receptor,7.920818753952375,12.0,1
598213,Oc1ccc(CN(Cc2cccc(Br)c2O)C(=S)Nc2ccccc2)cc1,SOXYLYNQTNNXEV-UHFFFAOYSA-N,9,CHEMBL203,Epidermal growth factor receptor,6.920818753952375,120.0,1
1341476,C=CC(=O)Nc1cccc(N2C(=O)N(C)Cc3cnc(Nc4ccc(N5CCN(C)CC5)cc4C)nc32)c1,ZZGGOXMEIWLVTJ-UHFFFAOYSA-N,9,CHEMBL203,Epidermal growth factor receptor,8.709965388637482,1.95,5
211093,CN(CC(=O)O)c1cc2ncnc(Nc3cccc(Br)c3)c2cn1,GYZRHMIPWQOSOA-UHFFFAOYSA-N,9,CHEMBL203,Epidermal growth factor receptor,7.795880017344075,15.85,2
2761744,Fc1cc2c(cc1Cl)Nc1ncnc3ccc(cc13)OCCOCCO2,HMCUQWBFJYNLQS-UHFFFAOYSA-N,9,CHEMBL203,Epidermal growth factor receptor,5.988556437977925,676.7,2
2012047,C=CC(=O)Nc1cccc(Nc2ncc3nc(Nc4ccccc4)n(C(C)C)c3n2)c1,KJFSEEWSSQIOAL-UHFFFAOYSA-N,9,CHEMBL203,Epidermal growth factor receptor,8.698970004336019,2.0,3
2512603,C=C(Cl)C(=O)Nc1cccc(Nc2nc(Nc3ccc(N4CCN(C(C)=O)CC4)c(Cl)c3)ncc2Cl)c1,GYNKYEVOVPMPBO-UHFFFAOYSA-N,9,CHEMBL203,Epidermal growth factor receptor,7.275724130399211,3.2,2
2488314,COc1ccc(/C=N\Nc2nc(-c3nc4ccccc4n3C)cs2)cc1OC,QGTZVPJSLUGONA-NHDPSOOVSA-N,9,CHEMBL203,Epidermal growth factor receptor,6.6817487897988,208.09,1
2868791,CCS(=O)(=O)n1cc(-c2ccnc(Nc3ccc4c(cnn4CCN4CCOCC4)c3)n2)c2ccccc21,DUNVNTWUHVKIKZ-UHFFFAOYSA-N,9,CHEMBL203,Epidermal growth factor receptor,7.251811972993799,56.0,1
2928718,Cc1cccc2c(-n3nc(-c4ccccc4)cc3-c3ccccc3)cc(=O)[nH]c12,ORCSJLITRZJQRW-UHFFFAOYSA-N,9,CHEMBL203,Epidermal growth factor receptor,7.075720713938118,84.0,1
2810712,C=CC(=O)Nc1cc(Nc2nccc(-c3cn4c5c(cccc35)OCC4)n2)c(OC)cc1N(C)CCN(C)C,VILCJZQENJKTHC-UHFFFAOYSA-N,9,CHEMBL203,Epidermal growth factor receptor,6.6777807052660805,210.0,1
2226780,CNS(=O)(=O)c1cccc(Nc2cc(N(C)c3cccc(C)c3)ncn2)c1,PQHGUXUTWMYRTR-UHFFFAOYSA-N,9,CHEMBL203,Epidermal growth factor receptor,7.698970004336019,20.0,1
3326453,COc1cc(N2CCC(N3CCN(C)CC3)CC2)c(C)cc1Nc1nccc(-n2cc(NC(=O)C3CC3)cn2)n1,RKBATUDSEJAPRN-UHFFFAOYSA-N,9,CHEMBL203,Epidermal growth factor receptor,6.470826396738277,37.62,2
604028,COc1cc2ncnc(N[C@@H](C)c3ccccc3)c2cc1OCCCCCCC(=O)NO,VPPDBLLRRNCUSU-KRWDZBQOSA-N,9,CHEMBL203,Epidermal growth factor receptor,5.294392836595395,1000.0,2
3159610,C=CC(=O)N1CC(Nc2cc3c(Nc4ccc(F)c(Cl)c4)ncnc3cc2O[C@H]2CCOC2)C1,RSWAKAGASMNZDR-INIZCTEOSA-N,9,CHEMBL203,Epidermal growth factor receptor,9.221848749616356,0.2,2
3203063,C=CC(=O)Nc1cccc(Nc2nc(Nc3ccc(OCCOC)cc3)c3c(c2F)C(C)NC3=O)c1,ZNMPUYQFHCLTEB-UHFFFAOYSA-N,9,CHEMBL203,Epidermal growth factor receptor,5.033060836978887,9267.0,1
3183892,COc1ccc(F)cc1C(=O)NCc1ccc(-c2nn([C@H]3C=C[C@H](O)C3)c3ncnc(N)c23)cc1,HNRHMRWVXPQSJZ-ROUUACIJSA-N,9,CHEMBL203,Epidermal growth factor receptor,5.259637310505756,5500.0,2
3252359,C=CC(=O)Nc1cc(Nc2nccc(-c3cc(F)c4nn(C)cc4c3)n2)c(OC)cc1N(C)CCN(C)C,JCFOFQHCJFXOTA-UHFFFAOYSA-N,9,CHEMBL203,Epidermal growth factor receptor,7.6020599913279625,25.0,1
598031,Cc1cccc(CN(Cc2ccc(F)cc2)C(=O)Nc2ccccc2)c1O,HOMOYDOJHAMLLJ-UHFFFAOYSA-N,9,CHEMBL203,Epidermal growth factor receptor,4.66334017654558,21710.0,1
456816,C=CC(=O)Nc1ccc2ncnc(Cc3ccc(F)c(Br)c3)c2c1,UGJRKPCGNBRYNZ-UHFFFAOYSA-N,9,CHEMBL203,Epidermal growth factor receptor,9.160019442321657,0.6918,1
188441,C=CC(=O)Nc1cc2c(Nc3cccc(Br)c3)c(C#N)cnc2cc1OC,HKLOKSUROGEMSK-UHFFFAOYSA-N,9,CHEMBL203,Epidermal growth factor receptor,6.090000275786018,810.0,4
80752,CN(C)CCNc1ncc2ncnc(Nc3cccc(Br)c3)c2n1,BRXQCYKQKVTPNS-UHFFFAOYSA-N,9,CHEMBL203,Epidermal growth factor receptor,7.455931955649724,35.0,1
2921237,COc1ccc2c(c1)CCc1c-2[nH]c(=O)c(C#N)c1-c1ccc(OC)cc1OC,AUELADDMBCSFOL-UHFFFAOYSA-N,9,CHEMBL203,Epidermal growth factor receptor,6.886056647693163,130.0,1
2416981,CCOc1cc2ncc(C#N)c(Nc3ccc(F)c(Cl)c3)c2cc1NC(=O)C(CSC(C)=O)CSC(C)=O,ISBDGKGTFDHHAX-UHFFFAOYSA-N,9,CHEMBL203,Epidermal growth factor receptor,6.259637310505756,494.0,2
701889,Nc1ncnc2c1c(-c1ccc(F)c(O)c1)nn2[C@@H]1CCNC1,FHNLPTRXVQOXQO-SECBINFHSA-N,9,CHEMBL203,Epidermal growth factor receptor,4.806875401645539,15600.0,1
3064294,Cc1nc(F)ccc1C(Nc1cc(C#CC(C)(C)O)c2ncc(C#N)c(NCC(C)(C)C)c2c1)C1=CN(C2(C(F)(F)F)CC2)NN1,XZWAXZICMPCZEY-UHFFFAOYSA-N,9,CHEMBL203,Epidermal growth factor receptor,6.0,1000.0,1
262522,CS(=O)(=O)CCNc1nc(-c2ccc3ncnc(Nc4ccc5c(cnn5Cc5ccccc5)c4)c3c2)cs1,PYTBGGBGRRJDNT-UHFFFAOYSA-N,9,CHEMBL203,Epidermal growth factor receptor,6.958607314841775,71.0,2
3017036,CC(C)N1CCC(c2ccc(Nc3nc(N4CCC[C@@H](NC(=O)N(C)C)C4)cnc3C(N)=O)cc2)CC1,PJYYQTWKVBLVSS-JOCHJYFZSA-N,9,CHEMBL203,Epidermal growth factor receptor,5.259637310505756,5500.0,1
1278517,CC1(C)CC(C(=O)Nc2ccc3ncnc(Nc4ccc(F)c(Cl)c4)c3c2)CC(C)(C)N1[O],IOVAIZPMGLENIU-UHFFFAOYSA-N,9,CHEMBL203,Epidermal growth factor receptor,7.823908740944319,15.0,1
3303846,C=CC(=O)N1Cc2nc(-c3cc(Oc4nc(F)ccc4F)c(F)cc3F)n(-c3ccncn3)c2C1,FTNSMOKGFFLCIJ-UHFFFAOYSA-N,9,CHEMBL203,Epidermal growth factor receptor,7.79997073344623,15.85,6
205689,Nc1cc2ncnc(Nc3ccccc3N)c2cn1,VPHARLVYHLVLLI-UHFFFAOYSA-N,9,CHEMBL203,Epidermal growth factor receptor,5.269999835325843,5250.0,2
87805,CC(NC(=O)/C(C#N)=C/c1ccc(O)c(O)c1)c1ccccc1,UMGQVUWXNOJOSJ-OQLLNIDSSA-N,9,CHEMBL203,Epidermal growth factor receptor,5.6020599913279625,2500.0,5
2766398,Cn1cc(-c2cc(C(=O)/N=c3\[nH]c4ccccc4n3[C@H]3CC[C@H](O)CC3)ccn2)cn1,VSADFXZBXNTHOQ-IYARVYRRSA-N,9,CHEMBL203,Epidermal growth factor receptor,7.31695296176115,40.1,8
